-- MySQL dump 10.13  Distrib 8.0.41, for Win64 (x86_64)
--
-- Host: 56.125.118.214    Database: tesis_g_s2
-- ------------------------------------------------------
-- Server version	8.0.44-0ubuntu0.24.04.1

/*!40101 SET @OLD_CHARACTER_SET_CLIENT=@@CHARACTER_SET_CLIENT */;
/*!40101 SET @OLD_CHARACTER_SET_RESULTS=@@CHARACTER_SET_RESULTS */;
/*!40101 SET @OLD_COLLATION_CONNECTION=@@COLLATION_CONNECTION */;
/*!50503 SET NAMES utf8 */;
/*!40103 SET @OLD_TIME_ZONE=@@TIME_ZONE */;
/*!40103 SET TIME_ZONE='+00:00' */;
/*!40014 SET @OLD_UNIQUE_CHECKS=@@UNIQUE_CHECKS, UNIQUE_CHECKS=0 */;
/*!40014 SET @OLD_FOREIGN_KEY_CHECKS=@@FOREIGN_KEY_CHECKS, FOREIGN_KEY_CHECKS=0 */;
/*!40101 SET @OLD_SQL_MODE=@@SQL_MODE, SQL_MODE='NO_AUTO_VALUE_ON_ZERO' */;
/*!40111 SET @OLD_SQL_NOTES=@@SQL_NOTES, SQL_NOTES=0 */;

--
-- Table structure for table `acceso_usuarios`
--

DROP TABLE IF EXISTS `acceso_usuarios`;
/*!40101 SET @saved_cs_client     = @@character_set_client */;
/*!50503 SET character_set_client = utf8mb4 */;
CREATE TABLE `acceso_usuarios` (
  `ID_a_u` int NOT NULL AUTO_INCREMENT,
  `ID_usuario` int NOT NULL,
  `ID_dispositivo` int NOT NULL,
  PRIMARY KEY (`ID_a_u`)
) ENGINE=InnoDB AUTO_INCREMENT=159 DEFAULT CHARSET=utf8mb3;
/*!40101 SET character_set_client = @saved_cs_client */;

--
-- Dumping data for table `acceso_usuarios`
--

LOCK TABLES `acceso_usuarios` WRITE;
/*!40000 ALTER TABLE `acceso_usuarios` DISABLE KEYS */;
INSERT INTO `acceso_usuarios` VALUES (2,4,2),(4,5,4),(5,5,5),(6,5,6),(7,7,7),(8,7,8),(9,7,9),(10,8,2),(11,8,5),(14,4,36),(35,28,13),(36,28,14),(38,8,13),(39,8,14),(40,8,15),(43,4,45),(50,4,51),(51,4,52),(52,4,53),(53,4,54),(54,4,55),(55,8,51),(58,44,53),(59,4,56),(60,4,57),(63,4,60),(83,4,80),(91,52,53),(94,54,84),(95,54,85),(97,54,87),(102,57,84),(103,57,87),(105,4,89),(106,4,90),(107,4,91),(108,54,92),(110,17,53),(111,4,94),(112,4,95),(113,62,53),(114,62,94),(143,76,124),(144,76,125),(145,77,124),(147,81,127),(148,81,128),(149,81,129),(150,82,127),(151,82,129),(156,86,131),(157,87,131),(158,4,132);
/*!40000 ALTER TABLE `acceso_usuarios` ENABLE KEYS */;
UNLOCK TABLES;

--
-- Table structure for table `codigos_verificacion`
--

DROP TABLE IF EXISTS `codigos_verificacion`;
/*!40101 SET @saved_cs_client     = @@character_set_client */;
/*!50503 SET character_set_client = utf8mb4 */;
CREATE TABLE `codigos_verificacion` (
  `ID_codigo` int NOT NULL AUTO_INCREMENT,
  `ID_usuario` int NOT NULL,
  `codigo` varchar(10) DEFAULT NULL,
  `tipo` enum('verificacion','recuperar_contrasena','crear_contrasena','cambiar_usuario','eliminar_sesiones') DEFAULT NULL,
  `fecha_creacion` timestamp NOT NULL DEFAULT CURRENT_TIMESTAMP,
  `fecha_expiracion` timestamp NOT NULL DEFAULT ((now() + interval 2 day)),
  `usado` tinyint(1) DEFAULT '0',
  PRIMARY KEY (`ID_codigo`)
) ENGINE=InnoDB AUTO_INCREMENT=269 DEFAULT CHARSET=utf8mb3;
/*!40101 SET character_set_client = @saved_cs_client */;

--
-- Dumping data for table `codigos_verificacion`
--

LOCK TABLES `codigos_verificacion` WRITE;
/*!40000 ALTER TABLE `codigos_verificacion` DISABLE KEYS */;
/*!40000 ALTER TABLE `codigos_verificacion` ENABLE KEYS */;
UNLOCK TABLES;

--
-- Table structure for table `configuraciones`
--

DROP TABLE IF EXISTS `configuraciones`;
/*!40101 SET @saved_cs_client     = @@character_set_client */;
/*!50503 SET character_set_client = utf8mb4 */;
CREATE TABLE `configuraciones` (
  `ID_configuracion` int NOT NULL AUTO_INCREMENT,
  `temperatura` tinyint DEFAULT NULL,
  `swing` enum('auto','on','off') DEFAULT NULL,
  `modo` enum('cool','heat','fan','dry','auto') DEFAULT NULL,
  `fanspeed` enum('auto','low','mid','high') DEFAULT NULL,
  PRIMARY KEY (`ID_configuracion`)
) ENGINE=InnoDB AUTO_INCREMENT=30 DEFAULT CHARSET=utf8mb3;
/*!40101 SET character_set_client = @saved_cs_client */;

--
-- Dumping data for table `configuraciones`
--

LOCK TABLES `configuraciones` WRITE;
/*!40000 ALTER TABLE `configuraciones` DISABLE KEYS */;
INSERT INTO `configuraciones` VALUES (1,24,'auto','cool','auto'),(2,26,'auto','heat','high'),(3,24,'auto','heat','low'),(4,34,'auto','cool','auto'),(5,23,'auto','cool','auto'),(6,45,'off','heat','mid'),(7,67,'on','heat','low'),(8,24,'off','heat','low'),(9,24,'on','heat','auto'),(10,25,'on','fan','mid'),(11,22,'auto','cool','auto'),(12,21,'on','cool','auto'),(13,23,'off','cool','auto'),(14,127,'auto','cool','auto'),(15,25,'auto','cool','auto'),(16,33,'auto','cool','auto'),(17,27,'auto','cool','auto'),(18,8,'auto','cool','auto'),(19,5,'auto','cool','auto'),(20,32,'auto','cool','auto'),(21,127,'auto','cool','auto'),(22,13,'auto','cool','auto'),(23,1,'auto','cool','auto'),(24,125,'on','fan','high'),(25,3,'auto','cool','auto'),(26,25,'on','heat','auto'),(27,0,'auto','cool','auto'),(28,24,'on','cool','auto'),(29,6,'auto','cool','auto');
/*!40000 ALTER TABLE `configuraciones` ENABLE KEYS */;
UNLOCK TABLES;

--
-- Table structure for table `disp_bloqueados`
--

DROP TABLE IF EXISTS `disp_bloqueados`;
/*!40101 SET @saved_cs_client     = @@character_set_client */;
/*!50503 SET character_set_client = utf8mb4 */;
CREATE TABLE `disp_bloqueados` (
  `id_bloqueo` int NOT NULL AUTO_INCREMENT,
  `dispositivo` varchar(45) NOT NULL,
  `bloqueado_hasta` timestamp NOT NULL DEFAULT ((now() + interval 10 minute)),
  PRIMARY KEY (`id_bloqueo`)
) ENGINE=InnoDB AUTO_INCREMENT=139 DEFAULT CHARSET=utf8mb4 COLLATE=utf8mb4_0900_ai_ci;
/*!40101 SET character_set_client = @saved_cs_client */;

--
-- Dumping data for table `disp_bloqueados`
--

LOCK TABLES `disp_bloqueados` WRITE;
/*!40000 ALTER TABLE `disp_bloqueados` DISABLE KEYS */;
/*!40000 ALTER TABLE `disp_bloqueados` ENABLE KEYS */;
UNLOCK TABLES;

--
-- Table structure for table `disp_esp32`
--

DROP TABLE IF EXISTS `disp_esp32`;
/*!40101 SET @saved_cs_client     = @@character_set_client */;
/*!50503 SET character_set_client = utf8mb4 */;
CREATE TABLE `disp_esp32` (
  `ID_dispositivo` int NOT NULL AUTO_INCREMENT,
  `direccion_ip` varchar(255) DEFAULT NULL,
  `estado` tinyint(1) NOT NULL,
  `ubicacion` varchar(100) NOT NULL,
  `ID_administrador` int NOT NULL,
  `codigo` varchar(8) NOT NULL,
  `ultima_conexion` timestamp NOT NULL DEFAULT CURRENT_TIMESTAMP ON UPDATE CURRENT_TIMESTAMP,
  PRIMARY KEY (`ID_dispositivo`)
) ENGINE=InnoDB AUTO_INCREMENT=75 DEFAULT CHARSET=utf8mb3;
/*!40101 SET character_set_client = @saved_cs_client */;

--
-- Dumping data for table `disp_esp32`
--

LOCK TABLES `disp_esp32` WRITE;
/*!40000 ALTER TABLE `disp_esp32` DISABLE KEYS */;
INSERT INTO `disp_esp32` VALUES (6,'192.168.1.115',0,'Dormitorio',4,'ABCD1234','2025-08-30 15:45:27'),(7,'192.168.2.170',0,'Mi pieza',4,'8lIsgR9','2025-10-26 19:26:20'),(59,'192.168.2.192',0,'Sala informática',54,'12345678','2025-09-16 14:29:29'),(67,'10.81.11.206',0,'aula',4,'8lIsgR9J','2025-12-06 01:07:29'),(74,'192.168.2.159',0,'AULA',86,'8lIsgR','2025-10-30 11:48:29');
/*!40000 ALTER TABLE `disp_esp32` ENABLE KEYS */;
UNLOCK TABLES;

--
-- Table structure for table `dispositivos`
--

DROP TABLE IF EXISTS `dispositivos`;
/*!40101 SET @saved_cs_client     = @@character_set_client */;
/*!50503 SET character_set_client = utf8mb4 */;
CREATE TABLE `dispositivos` (
  `ID_dispositivo` int NOT NULL AUTO_INCREMENT,
  `nombre` varchar(100) NOT NULL,
  `ID_tipo` int NOT NULL,
  `ID_esp32` int NOT NULL,
  `fecha_creacion` timestamp NOT NULL DEFAULT CURRENT_TIMESTAMP,
  `led` tinyint NOT NULL DEFAULT '1',
  PRIMARY KEY (`ID_dispositivo`)
) ENGINE=InnoDB AUTO_INCREMENT=133 DEFAULT CHARSET=utf8mb3;
/*!40101 SET character_set_client = @saved_cs_client */;

--
-- Dumping data for table `dispositivos`
--

LOCK TABLES `dispositivos` WRITE;
/*!40000 ALTER TABLE `dispositivos` DISABLE KEYS */;
INSERT INTO `dispositivos` VALUES (4,'Aire acondicionado Daikin - Aula 102',1,2,'2025-04-24 16:07:03',1),(5,'Televisor Sony - Aula 102',2,2,'2025-04-24 16:07:03',1),(6,'Ventilador Rowenta - Aula 102',3,2,'2025-04-24 16:07:03',1),(7,'Aire acondicionado Midea - Laboratorio',1,3,'2025-04-24 16:07:03',1),(8,'Televisor Panasonic - Laboratorio',2,3,'2025-04-24 16:07:03',1),(9,'Ventilador Xion - Laboratorio',3,3,'2025-04-24 16:07:03',1),(10,'Aire acondicionado Electrolux - Sala de Profesores',1,4,'2025-04-24 16:07:03',1),(11,'Televisor Samsung - Sala de Profesores',2,4,'2025-04-24 16:07:03',1),(12,'Ventilador Philips - Sala de Profesores',3,4,'2025-04-24 16:07:03',1),(13,'Aire acondicionado LG - Biblioteca',1,5,'2025-04-24 16:07:03',1),(14,'Televisor Hisense - Biblioteca',2,5,'2025-04-24 16:07:03',1),(15,'Ventilador Atma - Biblioteca',3,5,'2025-04-24 16:07:03',1),(53,'tele ',2,7,'2025-04-24 16:07:03',1),(54,'Aire de mi pieza',1,1,'2025-04-24 16:07:03',1),(56,'Catriel',2,27,'2025-04-24 16:07:03',1),(57,'AIRE',2,27,'2025-04-24 16:07:03',1),(89,'ventilador',3,7,'2025-09-02 21:45:06',3),(90,'televisor',2,7,'2025-09-04 14:15:10',1),(94,'televisor',2,67,'2025-10-03 12:58:05',3),(95,'aire',1,67,'2025-10-03 12:58:26',1),(124,'televisor',2,69,'2025-10-24 11:42:18',3),(125,'aire',1,69,'2025-10-24 11:42:25',1),(131,'televisor',2,74,'2025-10-30 11:38:30',1);
/*!40000 ALTER TABLE `dispositivos` ENABLE KEYS */;
UNLOCK TABLES;

--
-- Table structure for table `eventos`
--

DROP TABLE IF EXISTS `eventos`;
/*!40101 SET @saved_cs_client     = @@character_set_client */;
/*!50503 SET character_set_client = utf8mb4 */;
CREATE TABLE `eventos` (
  `ID_evento` int NOT NULL AUTO_INCREMENT,
  `ID_esp` int NOT NULL,
  `ID_senal` int NOT NULL,
  `tipo` enum('unica_vez','periodica') CHARACTER SET utf8mb4 COLLATE utf8mb4_unicode_ci DEFAULT NULL,
  `hora` time NOT NULL,
  `dias` varchar(100) CHARACTER SET utf8mb4 COLLATE utf8mb4_unicode_ci DEFAULT NULL,
  `fecha` date DEFAULT NULL,
  `led` tinyint NOT NULL,
  PRIMARY KEY (`ID_evento`)
) ENGINE=InnoDB AUTO_INCREMENT=75 DEFAULT CHARSET=utf8mb4 COLLATE=utf8mb4_unicode_ci;
/*!40101 SET character_set_client = @saved_cs_client */;

--
-- Dumping data for table `eventos`
--

LOCK TABLES `eventos` WRITE;
/*!40000 ALTER TABLE `eventos` DISABLE KEYS */;
/*!40000 ALTER TABLE `eventos` ENABLE KEYS */;
UNLOCK TABLES;

--
-- Table structure for table `funciones`
--

DROP TABLE IF EXISTS `funciones`;
/*!40101 SET @saved_cs_client     = @@character_set_client */;
/*!50503 SET character_set_client = utf8mb4 */;
CREATE TABLE `funciones` (
  `ID_funcion` int NOT NULL AUTO_INCREMENT,
  `nombre` varchar(100) NOT NULL,
  PRIMARY KEY (`ID_funcion`)
) ENGINE=InnoDB AUTO_INCREMENT=40 DEFAULT CHARSET=utf8mb3;
/*!40101 SET character_set_client = @saved_cs_client */;

--
-- Dumping data for table `funciones`
--

LOCK TABLES `funciones` WRITE;
/*!40000 ALTER TABLE `funciones` DISABLE KEYS */;
INSERT INTO `funciones` VALUES (1,'power'),(2,'input'),(3,'control'),(4,'menu'),(5,'netflix'),(6,'back'),(7,'chanelup'),(8,'chaneldown'),(9,'home'),(10,'volup'),(11,'voldown'),(12,'arrowup'),(13,'arrowleft'),(14,'arrowright'),(15,'arrowdown'),(16,'ok'),(17,'options'),(18,'mute'),(19,'num1'),(20,'num2'),(21,'num3'),(22,'num4'),(23,'num5'),(24,'num6'),(25,'num7'),(26,'num8'),(27,'num9'),(28,'num0'),(29,'time'),(30,'speed'),(31,'tempup'),(32,'tempdown'),(33,'swing'),(34,'sleep'),(35,'timeron'),(36,'timeroff'),(37,'leddisplay'),(38,'turbo'),(39,'direction');
/*!40000 ALTER TABLE `funciones` ENABLE KEYS */;
UNLOCK TABLES;

--
-- Table structure for table `login_attemps`
--

DROP TABLE IF EXISTS `login_attemps`;
/*!40101 SET @saved_cs_client     = @@character_set_client */;
/*!50503 SET character_set_client = utf8mb4 */;
CREATE TABLE `login_attemps` (
  `ID_login_attemp` int NOT NULL AUTO_INCREMENT,
  `ID_usuario` int DEFAULT NULL,
  `fecha` timestamp NOT NULL DEFAULT CURRENT_TIMESTAMP ON UPDATE CURRENT_TIMESTAMP,
  `exitoso` tinyint(1) NOT NULL,
  `dispositivo` varchar(45) DEFAULT NULL,
  PRIMARY KEY (`ID_login_attemp`)
) ENGINE=InnoDB AUTO_INCREMENT=927 DEFAULT CHARSET=utf8mb3;
/*!40101 SET character_set_client = @saved_cs_client */;

--
-- Dumping data for table `login_attemps`
--

LOCK TABLES `login_attemps` WRITE;
/*!40000 ALTER TABLE `login_attemps` DISABLE KEYS */;
INSERT INTO `login_attemps` VALUES (514,4,'2025-08-01 13:55:04',1,'374a6b5b7e25ce684710084f6c45e96f'),(515,4,'2025-08-01 13:55:07',1,'374a6b5b7e25ce684710084f6c45e96f'),(516,4,'2025-08-01 13:55:11',1,'374a6b5b7e25ce684710084f6c45e96f'),(517,17,'2025-08-01 15:08:41',1,'5ac3cb3ec16bee585546fbc9c9b166a7'),(518,4,'2025-08-03 17:45:24',1,'5461f6187fd8bc5d01ba8d45b54d35ab'),(519,52,'2025-08-03 17:46:47',1,'5461f6187fd8bc5d01ba8d45b54d35ab'),(520,52,'2025-08-03 18:12:03',1,'5841fa859ec7a8b20843cbcc2d465ae1'),(521,4,'2025-08-04 19:37:02',1,'5461f6187fd8bc5d01ba8d45b54d35ab'),(522,4,'2025-08-04 20:02:10',1,'5461f6187fd8bc5d01ba8d45b54d35ab'),(523,4,'2025-08-06 12:35:53',1,'374a6b5b7e25ce684710084f6c45e96f'),(524,4,'2025-08-07 10:55:18',1,'374a6b5b7e25ce684710084f6c45e96f'),(525,4,'2025-08-07 11:02:05',1,'374a6b5b7e25ce684710084f6c45e96f'),(526,4,'2025-08-07 15:45:54',0,'374a6b5b7e25ce684710084f6c45e96f'),(527,4,'2025-08-07 15:46:01',1,'374a6b5b7e25ce684710084f6c45e96f'),(528,4,'2025-08-07 15:54:54',1,'374a6b5b7e25ce684710084f6c45e96f'),(529,4,'2025-08-07 16:05:43',1,'6aeecebe49b7c6dddd001d5c40fbd722'),(530,4,'2025-08-07 18:04:10',1,'374a6b5b7e25ce684710084f6c45e96f'),(531,4,'2025-08-07 23:48:07',1,'738db6f6ff91efc5a2cca28fe8be7edd'),(532,4,'2025-08-08 10:49:44',1,'374a6b5b7e25ce684710084f6c45e96f'),(533,4,'2025-08-08 10:50:04',1,'374a6b5b7e25ce684710084f6c45e96f'),(534,4,'2025-08-09 17:58:55',1,'738db6f6ff91efc5a2cca28fe8be7edd'),(535,4,'2025-08-11 14:23:34',1,'374a6b5b7e25ce684710084f6c45e96f'),(536,4,'2025-08-11 14:27:27',1,'374a6b5b7e25ce684710084f6c45e96f'),(537,4,'2025-08-12 13:33:54',1,'374a6b5b7e25ce684710084f6c45e96f'),(538,4,'2025-08-12 14:00:26',1,'374a6b5b7e25ce684710084f6c45e96f'),(539,4,'2025-08-12 21:35:01',1,'738db6f6ff91efc5a2cca28fe8be7edd'),(540,4,'2025-08-12 22:06:10',1,'c0c826b6e03eac590f72fbd419ea2331'),(541,4,'2025-08-13 11:37:04',1,'a12739561b7f864f813ae71ad77d50f1'),(542,4,'2025-08-13 11:37:41',1,'a12739561b7f864f813ae71ad77d50f1'),(543,4,'2025-08-13 12:38:46',1,'374a6b5b7e25ce684710084f6c45e96f'),(544,4,'2025-08-14 10:57:35',1,'374a6b5b7e25ce684710084f6c45e96f'),(545,4,'2025-08-14 10:59:10',1,'56eb54613994c04fb6da40f5a0571d39'),(546,4,'2025-08-14 15:55:10',0,'55412d8d20b770bf3e728b077a1dca61'),(547,4,'2025-08-14 15:55:24',1,'55412d8d20b770bf3e728b077a1dca61'),(548,4,'2025-08-14 16:12:59',0,'55412d8d20b770bf3e728b077a1dca61'),(549,4,'2025-08-14 16:13:11',1,'55412d8d20b770bf3e728b077a1dca61'),(550,4,'2025-08-14 22:35:25',1,'738db6f6ff91efc5a2cca28fe8be7edd'),(551,4,'2025-08-15 19:07:33',1,'738db6f6ff91efc5a2cca28fe8be7edd'),(552,4,'2025-08-15 19:20:14',1,'c0c826b6e03eac590f72fbd419ea2331'),(553,52,'2025-08-15 20:03:57',1,'c0c826b6e03eac590f72fbd419ea2331'),(554,4,'2025-08-15 20:56:53',1,'c0c826b6e03eac590f72fbd419ea2331'),(555,4,'2025-08-18 15:44:15',1,'56eb54613994c04fb6da40f5a0571d39'),(556,4,'2025-08-18 19:18:58',1,'d03dc8d624a3ed92f76ce4070cc45b9d'),(557,4,'2025-08-18 19:35:38',1,'aa6e7a03e1edfe48b82cb5825701317a'),(558,4,'2025-08-19 12:02:11',1,'56eb54613994c04fb6da40f5a0571d39'),(559,4,'2025-08-19 12:41:33',1,'56eb54613994c04fb6da40f5a0571d39'),(560,4,'2025-08-19 12:44:14',1,'56eb54613994c04fb6da40f5a0571d39'),(561,4,'2025-08-19 12:48:14',1,'56eb54613994c04fb6da40f5a0571d39'),(562,4,'2025-08-19 13:06:57',1,'56eb54613994c04fb6da40f5a0571d39'),(563,4,'2025-08-19 13:33:05',0,'56eb54613994c04fb6da40f5a0571d39'),(564,4,'2025-08-19 14:04:01',1,'4df8ce4401a04181a0e085416ed0e20b'),(565,4,'2025-08-19 14:06:08',1,'56eb54613994c04fb6da40f5a0571d39'),(566,4,'2025-08-21 11:34:45',0,'56eb54613994c04fb6da40f5a0571d39'),(567,4,'2025-08-21 11:34:54',0,'56eb54613994c04fb6da40f5a0571d39'),(568,4,'2025-08-21 11:35:03',0,'56eb54613994c04fb6da40f5a0571d39'),(569,NULL,'2025-08-21 11:35:14',0,'56eb54613994c04fb6da40f5a0571d39'),(570,31,'2025-08-21 11:36:46',0,'56eb54613994c04fb6da40f5a0571d39'),(571,4,'2025-08-21 11:55:46',1,'56eb54613994c04fb6da40f5a0571d39'),(572,4,'2025-08-21 12:28:24',1,'56eb54613994c04fb6da40f5a0571d39'),(573,4,'2025-08-22 10:54:40',1,'56eb54613994c04fb6da40f5a0571d39'),(574,4,'2025-08-22 11:14:39',1,'56eb54613994c04fb6da40f5a0571d39'),(575,4,'2025-08-22 11:48:58',1,'56eb54613994c04fb6da40f5a0571d39'),(576,4,'2025-08-22 12:33:52',1,'56eb54613994c04fb6da40f5a0571d39'),(577,4,'2025-08-22 12:44:06',1,'1676627052c45748eb2e25bc523f5f42'),(578,4,'2025-08-22 14:49:21',1,'56eb54613994c04fb6da40f5a0571d39'),(579,4,'2025-08-25 20:25:33',1,'9a5faac0099ef3ea475ebb8c713af989'),(580,4,'2025-08-26 14:26:38',1,'56eb54613994c04fb6da40f5a0571d39'),(581,4,'2025-08-26 16:25:57',0,'56eb54613994c04fb6da40f5a0571d39'),(582,4,'2025-08-26 16:26:07',1,'56eb54613994c04fb6da40f5a0571d39'),(583,4,'2025-08-27 21:03:38',1,'14101f87b947e14e4e2aa1bb543d9bf2'),(584,4,'2025-08-28 11:04:34',1,'c430c74d3c8b909096712c864b72beff'),(585,4,'2025-08-28 11:28:55',0,'89637f5adab70eef76a6e77d0a636418'),(586,4,'2025-08-28 11:29:02',1,'89637f5adab70eef76a6e77d0a636418'),(587,4,'2025-08-28 11:45:35',1,'55412d8d20b770bf3e728b077a1dca61'),(588,4,'2025-08-28 11:56:04',1,'55412d8d20b770bf3e728b077a1dca61'),(589,NULL,'2025-08-28 13:43:06',0,'56eb54613994c04fb6da40f5a0571d39'),(590,4,'2025-08-28 13:43:23',0,'56eb54613994c04fb6da40f5a0571d39'),(591,4,'2025-08-28 13:43:38',1,'56eb54613994c04fb6da40f5a0571d39'),(592,53,'2025-08-29 14:04:44',1,'56eb54613994c04fb6da40f5a0571d39'),(593,49,'2025-08-29 23:00:20',1,'81d3895ac6d77b8a3c239d4f0c54ea12'),(594,49,'2025-08-29 23:02:38',1,'81d3895ac6d77b8a3c239d4f0c54ea12'),(595,49,'2025-08-29 23:03:14',1,'81d3895ac6d77b8a3c239d4f0c54ea12'),(596,49,'2025-08-29 23:06:36',1,'81d3895ac6d77b8a3c239d4f0c54ea12'),(597,49,'2025-08-29 23:07:30',1,'81d3895ac6d77b8a3c239d4f0c54ea12'),(598,49,'2025-08-29 23:08:00',1,'81d3895ac6d77b8a3c239d4f0c54ea12'),(599,55,'2025-08-29 23:20:57',1,'f6e2db657bb7748a80a48bf12d14a2ec'),(600,55,'2025-08-29 23:21:25',1,'f6e2db657bb7748a80a48bf12d14a2ec'),(601,54,'2025-08-29 23:27:03',1,'81d3895ac6d77b8a3c239d4f0c54ea12'),(602,54,'2025-08-30 14:46:54',1,'81d3895ac6d77b8a3c239d4f0c54ea12'),(603,57,'2025-08-30 14:58:47',1,'f6e2db657bb7748a80a48bf12d14a2ec'),(604,54,'2025-08-30 15:08:09',1,'81d3895ac6d77b8a3c239d4f0c54ea12'),(605,NULL,'2025-08-30 15:13:25',0,'81d3895ac6d77b8a3c239d4f0c54ea12'),(606,54,'2025-08-30 15:13:32',0,'81d3895ac6d77b8a3c239d4f0c54ea12'),(607,4,'2025-08-30 15:15:37',1,'81d3895ac6d77b8a3c239d4f0c54ea12'),(608,NULL,'2025-08-30 15:16:47',0,'81d3895ac6d77b8a3c239d4f0c54ea12'),(609,54,'2025-08-30 15:16:54',0,'81d3895ac6d77b8a3c239d4f0c54ea12'),(610,4,'2025-08-30 15:18:38',1,'81d3895ac6d77b8a3c239d4f0c54ea12'),(611,54,'2025-08-30 15:28:54',1,'81d3895ac6d77b8a3c239d4f0c54ea12'),(612,4,'2025-08-30 15:31:06',1,'81d3895ac6d77b8a3c239d4f0c54ea12'),(613,54,'2025-08-30 20:41:02',1,'81d3895ac6d77b8a3c239d4f0c54ea12'),(614,4,'2025-08-30 21:26:54',1,'81d3895ac6d77b8a3c239d4f0c54ea12'),(615,17,'2025-08-30 21:27:16',1,'f01cf6daa9daf3eb3f63e788ca150067'),(624,NULL,'2025-08-31 00:24:27',0,'81d3895ac6d77b8a3c239d4f0c54ea12'),(625,NULL,'2025-08-31 00:24:29',0,'81d3895ac6d77b8a3c239d4f0c54ea12'),(626,NULL,'2025-08-31 00:24:31',0,'81d3895ac6d77b8a3c239d4f0c54ea12'),(627,NULL,'2025-08-31 00:24:32',0,'81d3895ac6d77b8a3c239d4f0c54ea12'),(628,NULL,'2025-08-31 00:24:34',0,'81d3895ac6d77b8a3c239d4f0c54ea12'),(629,54,'2025-08-31 20:02:56',0,'81d3895ac6d77b8a3c239d4f0c54ea12'),(630,54,'2025-08-31 20:03:06',1,'81d3895ac6d77b8a3c239d4f0c54ea12'),(631,4,'2025-08-31 20:08:01',0,'81d3895ac6d77b8a3c239d4f0c54ea12'),(632,4,'2025-08-31 20:08:05',1,'81d3895ac6d77b8a3c239d4f0c54ea12'),(633,4,'2025-09-02 14:31:44',1,'56eb54613994c04fb6da40f5a0571d39'),(634,4,'2025-09-02 14:50:32',1,'56eb54613994c04fb6da40f5a0571d39'),(635,4,'2025-09-02 15:38:52',0,'55412d8d20b770bf3e728b077a1dca61'),(636,4,'2025-09-02 15:39:23',1,'55412d8d20b770bf3e728b077a1dca61'),(637,4,'2025-09-02 20:36:00',1,'81d3895ac6d77b8a3c239d4f0c54ea12'),(638,4,'2025-09-02 21:53:04',1,'59c95aa1a7e7604f420590362f6ff1dc'),(639,4,'2025-09-02 22:10:14',1,'59c95aa1a7e7604f420590362f6ff1dc'),(640,4,'2025-09-04 13:10:52',0,'56eb54613994c04fb6da40f5a0571d39'),(641,4,'2025-09-04 13:11:13',1,'56eb54613994c04fb6da40f5a0571d39'),(642,4,'2025-09-04 18:21:33',1,'d22b7ed6e4b0a4cb3584b65191307d67'),(643,54,'2025-09-05 11:13:47',1,'56eb54613994c04fb6da40f5a0571d39'),(644,4,'2025-09-07 03:14:05',1,'8b16ef3c6e7a793658100aec3cd6a0d2'),(645,4,'2025-09-07 03:35:15',1,'8b16ef3c6e7a793658100aec3cd6a0d2'),(646,4,'2025-09-12 11:45:10',1,'56eb54613994c04fb6da40f5a0571d39'),(647,54,'2025-09-12 11:46:11',1,'56eb54613994c04fb6da40f5a0571d39'),(648,54,'2025-09-12 13:16:34',1,'56eb54613994c04fb6da40f5a0571d39'),(649,4,'2025-09-16 14:26:17',0,'fc30e88286aaa00615c93a191499b69c'),(650,4,'2025-09-16 14:26:29',1,'fc30e88286aaa00615c93a191499b69c'),(651,4,'2025-09-16 14:34:39',1,'fc30e88286aaa00615c93a191499b69c'),(652,4,'2025-09-16 14:36:41',1,'fc30e88286aaa00615c93a191499b69c'),(653,4,'2025-09-16 16:00:27',1,'fc30e88286aaa00615c93a191499b69c'),(654,4,'2025-09-16 16:18:54',1,'767170fed5320e747276aac0cfa006ca'),(655,57,'2025-09-16 16:25:08',1,'fc30e88286aaa00615c93a191499b69c'),(656,57,'2025-09-16 16:26:06',1,'767170fed5320e747276aac0cfa006ca'),(657,57,'2025-09-16 16:28:04',1,'fc30e88286aaa00615c93a191499b69c'),(658,57,'2025-09-16 16:30:37',1,'767170fed5320e747276aac0cfa006ca'),(659,57,'2025-09-17 16:18:45',1,'fc30e88286aaa00615c93a191499b69c'),(660,4,'2025-09-17 16:19:22',1,'fc30e88286aaa00615c93a191499b69c'),(661,4,'2025-09-18 10:50:25',1,'fc30e88286aaa00615c93a191499b69c'),(662,4,'2025-09-18 10:51:03',1,'346cb030f460a4716819c8f5bdd0d722'),(663,57,'2025-09-18 11:10:59',1,'fc30e88286aaa00615c93a191499b69c'),(664,4,'2025-09-18 11:15:04',1,'fc30e88286aaa00615c93a191499b69c'),(665,4,'2025-09-18 11:16:29',1,'fc30e88286aaa00615c93a191499b69c'),(666,NULL,'2025-09-18 11:18:34',0,'fc30e88286aaa00615c93a191499b69c'),(667,4,'2025-09-18 11:41:00',1,'fc30e88286aaa00615c93a191499b69c'),(668,4,'2025-09-18 12:42:17',1,'fc30e88286aaa00615c93a191499b69c'),(669,4,'2025-09-18 16:10:54',1,'fc30e88286aaa00615c93a191499b69c'),(670,4,'2025-09-23 14:41:42',1,'fc30e88286aaa00615c93a191499b69c'),(671,4,'2025-09-25 10:56:59',1,'fc30e88286aaa00615c93a191499b69c'),(672,57,'2025-09-25 11:02:10',1,'fc30e88286aaa00615c93a191499b69c'),(673,4,'2025-09-25 11:28:05',1,'fc30e88286aaa00615c93a191499b69c'),(674,4,'2025-09-25 11:40:31',1,'fc30e88286aaa00615c93a191499b69c'),(675,4,'2025-09-25 16:45:52',1,'fc30e88286aaa00615c93a191499b69c'),(676,4,'2025-09-28 19:14:25',1,'7f71c6419ac91d942075b577ba2f4bf7'),(677,57,'2025-09-28 19:15:17',1,'7f71c6419ac91d942075b577ba2f4bf7'),(678,57,'2025-09-28 19:16:47',1,'4f8d086b88b4af8dcf98ac1edb229d4e'),(679,4,'2025-09-28 19:22:03',1,'7f71c6419ac91d942075b577ba2f4bf7'),(680,4,'2025-09-30 14:58:03',1,'9290c0c9a0a28d0fbb03ee2190da2365'),(681,4,'2025-09-30 15:42:03',1,'9290c0c9a0a28d0fbb03ee2190da2365'),(682,4,'2025-10-02 12:42:01',0,'9290c0c9a0a28d0fbb03ee2190da2365'),(683,4,'2025-10-02 12:42:14',1,'9290c0c9a0a28d0fbb03ee2190da2365'),(684,4,'2025-10-02 22:33:16',1,'7f71c6419ac91d942075b577ba2f4bf7'),(685,4,'2025-10-03 11:04:48',1,'9290c0c9a0a28d0fbb03ee2190da2365'),(686,4,'2025-10-03 12:39:32',1,'9290c0c9a0a28d0fbb03ee2190da2365'),(687,4,'2025-10-03 12:39:37',1,'9290c0c9a0a28d0fbb03ee2190da2365'),(688,4,'2025-10-03 12:50:59',1,'9290c0c9a0a28d0fbb03ee2190da2365'),(689,62,'2025-10-03 13:01:38',1,'9290c0c9a0a28d0fbb03ee2190da2365'),(690,NULL,'2025-10-03 13:05:49',0,'9290c0c9a0a28d0fbb03ee2190da2365'),(691,NULL,'2025-10-03 13:05:52',0,'9290c0c9a0a28d0fbb03ee2190da2365'),(692,4,'2025-10-03 13:07:34',1,'9290c0c9a0a28d0fbb03ee2190da2365'),(693,4,'2025-10-03 14:04:44',1,'588342f677a593b12f6a34e75c6c10e6'),(694,4,'2025-10-04 03:02:16',1,'0e779cdcb538876b50cca706280945c7'),(695,4,'2025-10-07 11:24:56',1,'9290c0c9a0a28d0fbb03ee2190da2365'),(696,4,'2025-10-07 14:30:49',1,'9290c0c9a0a28d0fbb03ee2190da2365'),(697,4,'2025-10-07 14:30:53',1,'9290c0c9a0a28d0fbb03ee2190da2365'),(698,57,'2025-10-07 15:48:30',1,'9290c0c9a0a28d0fbb03ee2190da2365'),(699,4,'2025-10-07 15:53:14',1,'9290c0c9a0a28d0fbb03ee2190da2365'),(700,57,'2025-10-07 15:53:34',0,'9290c0c9a0a28d0fbb03ee2190da2365'),(701,57,'2025-10-07 15:53:43',1,'9290c0c9a0a28d0fbb03ee2190da2365'),(702,4,'2025-10-07 16:03:07',1,'9290c0c9a0a28d0fbb03ee2190da2365'),(703,NULL,'2025-10-09 17:02:44',0,'4434e64e0b17ffdd17b2374fad8b0124'),(704,4,'2025-10-16 15:45:31',1,'dec6a88ba6e52cd6ca3fc6c586daa50d'),(705,4,'2025-10-17 10:51:26',1,'dec6a88ba6e52cd6ca3fc6c586daa50d'),(706,4,'2025-10-17 10:51:44',1,'dec6a88ba6e52cd6ca3fc6c586daa50d'),(707,4,'2025-10-17 11:19:28',1,'dec6a88ba6e52cd6ca3fc6c586daa50d'),(708,4,'2025-10-17 21:56:34',1,'982bc07f7076a9747662ea2edfbd9bc2'),(709,4,'2025-10-17 21:58:58',1,'982bc07f7076a9747662ea2edfbd9bc2'),(710,73,'2025-10-17 22:10:00',1,'982bc07f7076a9747662ea2edfbd9bc2'),(711,74,'2025-10-21 04:37:13',1,'2e6199ea8c15be7606af4062b2216e8b'),(712,74,'2025-10-21 04:37:13',1,'2e6199ea8c15be7606af4062b2216e8b'),(713,74,'2025-10-21 04:37:29',1,'2e6199ea8c15be7606af4062b2216e8b'),(714,74,'2025-10-21 04:37:32',1,'2e6199ea8c15be7606af4062b2216e8b'),(715,74,'2025-10-21 04:37:35',1,'2e6199ea8c15be7606af4062b2216e8b'),(716,74,'2025-10-21 04:37:36',1,'2e6199ea8c15be7606af4062b2216e8b'),(717,74,'2025-10-21 04:37:57',1,'2e6199ea8c15be7606af4062b2216e8b'),(718,74,'2025-10-21 04:37:58',1,'2e6199ea8c15be7606af4062b2216e8b'),(719,74,'2025-10-21 04:37:58',0,'2e6199ea8c15be7606af4062b2216e8b'),(720,74,'2025-10-21 04:37:59',0,'2e6199ea8c15be7606af4062b2216e8b'),(721,74,'2025-10-21 04:37:59',1,'2e6199ea8c15be7606af4062b2216e8b'),(722,74,'2025-10-21 04:37:59',0,'2e6199ea8c15be7606af4062b2216e8b'),(723,74,'2025-10-21 04:37:59',0,'2e6199ea8c15be7606af4062b2216e8b'),(724,74,'2025-10-21 04:37:59',0,'2e6199ea8c15be7606af4062b2216e8b'),(725,74,'2025-10-21 04:37:59',0,'2e6199ea8c15be7606af4062b2216e8b'),(726,74,'2025-10-21 04:38:00',0,'2e6199ea8c15be7606af4062b2216e8b'),(727,74,'2025-10-21 04:38:00',0,'2e6199ea8c15be7606af4062b2216e8b'),(728,74,'2025-10-21 04:38:00',0,'2e6199ea8c15be7606af4062b2216e8b'),(729,74,'2025-10-21 04:38:01',0,'2e6199ea8c15be7606af4062b2216e8b'),(730,74,'2025-10-21 04:38:17',1,'2e6199ea8c15be7606af4062b2216e8b'),(731,NULL,'2025-10-21 04:38:18',0,'2e6199ea8c15be7606af4062b2216e8b'),(732,NULL,'2025-10-21 04:38:18',0,'2e6199ea8c15be7606af4062b2216e8b'),(733,NULL,'2025-10-21 04:38:18',0,'2e6199ea8c15be7606af4062b2216e8b'),(734,NULL,'2025-10-21 04:38:19',0,'2e6199ea8c15be7606af4062b2216e8b'),(735,NULL,'2025-10-21 04:38:19',0,'2e6199ea8c15be7606af4062b2216e8b'),(736,74,'2025-10-21 04:38:19',0,'2e6199ea8c15be7606af4062b2216e8b'),(737,74,'2025-10-21 04:38:20',0,'2e6199ea8c15be7606af4062b2216e8b'),(738,NULL,'2025-10-21 04:38:27',0,'2e6199ea8c15be7606af4062b2216e8b'),(739,74,'2025-10-21 04:38:28',0,'2e6199ea8c15be7606af4062b2216e8b'),(740,74,'2025-10-21 04:38:30',0,'2e6199ea8c15be7606af4062b2216e8b'),(741,NULL,'2025-10-21 04:38:46',0,'2e6199ea8c15be7606af4062b2216e8b'),(742,74,'2025-10-21 04:38:47',0,'2e6199ea8c15be7606af4062b2216e8b'),(743,74,'2025-10-21 04:38:49',0,'2e6199ea8c15be7606af4062b2216e8b'),(744,NULL,'2025-10-21 04:38:56',0,'2e6199ea8c15be7606af4062b2216e8b'),(745,74,'2025-10-21 04:38:57',0,'2e6199ea8c15be7606af4062b2216e8b'),(746,74,'2025-10-21 04:38:59',0,'2e6199ea8c15be7606af4062b2216e8b'),(747,NULL,'2025-10-21 04:39:06',0,'2e6199ea8c15be7606af4062b2216e8b'),(748,74,'2025-10-21 04:39:07',0,'2e6199ea8c15be7606af4062b2216e8b'),(749,74,'2025-10-21 04:39:09',0,'2e6199ea8c15be7606af4062b2216e8b'),(750,NULL,'2025-10-21 04:39:15',0,'2e6199ea8c15be7606af4062b2216e8b'),(751,74,'2025-10-21 04:39:16',0,'2e6199ea8c15be7606af4062b2216e8b'),(752,74,'2025-10-21 04:39:17',0,'2e6199ea8c15be7606af4062b2216e8b'),(753,NULL,'2025-10-21 04:39:23',0,'2e6199ea8c15be7606af4062b2216e8b'),(754,74,'2025-10-21 04:39:25',0,'2e6199ea8c15be7606af4062b2216e8b'),(755,74,'2025-10-21 04:39:26',0,'2e6199ea8c15be7606af4062b2216e8b'),(756,NULL,'2025-10-21 04:39:33',0,'2e6199ea8c15be7606af4062b2216e8b'),(757,74,'2025-10-21 04:39:34',0,'2e6199ea8c15be7606af4062b2216e8b'),(758,74,'2025-10-21 04:39:36',0,'2e6199ea8c15be7606af4062b2216e8b'),(759,NULL,'2025-10-21 04:39:43',0,'2e6199ea8c15be7606af4062b2216e8b'),(760,74,'2025-10-21 04:39:44',0,'2e6199ea8c15be7606af4062b2216e8b'),(761,74,'2025-10-21 04:39:46',0,'2e6199ea8c15be7606af4062b2216e8b'),(762,NULL,'2025-10-21 04:39:54',0,'2e6199ea8c15be7606af4062b2216e8b'),(763,74,'2025-10-21 04:39:57',0,'2e6199ea8c15be7606af4062b2216e8b'),(764,74,'2025-10-21 04:39:57',1,'2e6199ea8c15be7606af4062b2216e8b'),(765,74,'2025-10-21 04:39:58',0,'2e6199ea8c15be7606af4062b2216e8b'),(766,74,'2025-10-21 04:39:58',0,'2e6199ea8c15be7606af4062b2216e8b'),(767,74,'2025-10-21 04:39:59',0,'2e6199ea8c15be7606af4062b2216e8b'),(768,74,'2025-10-21 04:39:59',1,'2e6199ea8c15be7606af4062b2216e8b'),(769,74,'2025-10-21 04:40:00',0,'2e6199ea8c15be7606af4062b2216e8b'),(770,74,'2025-10-21 04:40:00',0,'2e6199ea8c15be7606af4062b2216e8b'),(771,74,'2025-10-21 04:40:00',0,'2e6199ea8c15be7606af4062b2216e8b'),(772,74,'2025-10-21 04:40:00',0,'2e6199ea8c15be7606af4062b2216e8b'),(773,NULL,'2025-10-21 04:40:07',0,'2e6199ea8c15be7606af4062b2216e8b'),(774,74,'2025-10-21 04:40:07',1,'2e6199ea8c15be7606af4062b2216e8b'),(775,NULL,'2025-10-21 04:40:08',0,'2e6199ea8c15be7606af4062b2216e8b'),(776,NULL,'2025-10-21 04:40:08',0,'2e6199ea8c15be7606af4062b2216e8b'),(777,NULL,'2025-10-21 04:40:08',0,'2e6199ea8c15be7606af4062b2216e8b'),(778,74,'2025-10-21 04:40:11',1,'2e6199ea8c15be7606af4062b2216e8b'),(779,74,'2025-10-21 04:40:12',1,'2e6199ea8c15be7606af4062b2216e8b'),(780,74,'2025-10-21 04:40:20',1,'2e6199ea8c15be7606af4062b2216e8b'),(781,74,'2025-10-21 04:40:22',1,'2e6199ea8c15be7606af4062b2216e8b'),(782,74,'2025-10-21 04:40:23',1,'2e6199ea8c15be7606af4062b2216e8b'),(783,74,'2025-10-21 04:40:23',1,'2e6199ea8c15be7606af4062b2216e8b'),(784,74,'2025-10-21 04:40:23',1,'2e6199ea8c15be7606af4062b2216e8b'),(785,NULL,'2025-10-21 04:40:23',0,'2e6199ea8c15be7606af4062b2216e8b'),(786,74,'2025-10-21 04:40:24',1,'2e6199ea8c15be7606af4062b2216e8b'),(787,74,'2025-10-21 04:40:28',1,'2e6199ea8c15be7606af4062b2216e8b'),(788,NULL,'2025-10-21 04:40:28',0,'2e6199ea8c15be7606af4062b2216e8b'),(789,74,'2025-10-21 04:40:28',1,'2e6199ea8c15be7606af4062b2216e8b'),(790,NULL,'2025-10-21 04:40:29',0,'2e6199ea8c15be7606af4062b2216e8b'),(791,74,'2025-10-21 04:40:30',1,'2e6199ea8c15be7606af4062b2216e8b'),(792,NULL,'2025-10-21 04:40:30',0,'2e6199ea8c15be7606af4062b2216e8b'),(793,74,'2025-10-21 04:40:34',0,'2e6199ea8c15be7606af4062b2216e8b'),(794,NULL,'2025-10-21 04:40:34',0,'2e6199ea8c15be7606af4062b2216e8b'),(795,74,'2025-10-21 04:40:34',0,'2e6199ea8c15be7606af4062b2216e8b'),(796,74,'2025-10-21 04:40:34',0,'2e6199ea8c15be7606af4062b2216e8b'),(797,74,'2025-10-21 04:40:35',0,'2e6199ea8c15be7606af4062b2216e8b'),(798,74,'2025-10-21 04:40:35',0,'2e6199ea8c15be7606af4062b2216e8b'),(799,74,'2025-10-21 04:40:37',1,'2e6199ea8c15be7606af4062b2216e8b'),(800,NULL,'2025-10-21 04:40:44',0,'2e6199ea8c15be7606af4062b2216e8b'),(801,74,'2025-10-21 04:40:46',0,'2e6199ea8c15be7606af4062b2216e8b'),(802,74,'2025-10-21 04:40:51',1,'2e6199ea8c15be7606af4062b2216e8b'),(803,NULL,'2025-10-21 04:40:58',0,'2e6199ea8c15be7606af4062b2216e8b'),(804,74,'2025-10-21 04:41:00',0,'2e6199ea8c15be7606af4062b2216e8b'),(805,74,'2025-10-21 04:41:07',1,'2e6199ea8c15be7606af4062b2216e8b'),(806,NULL,'2025-10-21 04:41:09',0,'2e6199ea8c15be7606af4062b2216e8b'),(807,74,'2025-10-21 04:41:10',0,'2e6199ea8c15be7606af4062b2216e8b'),(808,74,'2025-10-21 04:41:14',1,'2e6199ea8c15be7606af4062b2216e8b'),(809,NULL,'2025-10-21 04:41:22',0,'2e6199ea8c15be7606af4062b2216e8b'),(810,74,'2025-10-21 04:41:25',0,'2e6199ea8c15be7606af4062b2216e8b'),(811,74,'2025-10-21 04:41:28',1,'2e6199ea8c15be7606af4062b2216e8b'),(812,NULL,'2025-10-21 04:41:32',0,'2e6199ea8c15be7606af4062b2216e8b'),(813,74,'2025-10-21 04:41:35',0,'2e6199ea8c15be7606af4062b2216e8b'),(814,74,'2025-10-21 04:41:38',1,'2e6199ea8c15be7606af4062b2216e8b'),(815,NULL,'2025-10-21 04:41:42',0,'2e6199ea8c15be7606af4062b2216e8b'),(816,74,'2025-10-21 04:41:44',0,'2e6199ea8c15be7606af4062b2216e8b'),(817,74,'2025-10-21 04:41:48',1,'2e6199ea8c15be7606af4062b2216e8b'),(818,NULL,'2025-10-21 04:41:51',0,'2e6199ea8c15be7606af4062b2216e8b'),(819,74,'2025-10-21 04:41:54',0,'2e6199ea8c15be7606af4062b2216e8b'),(820,74,'2025-10-21 04:41:57',1,'2e6199ea8c15be7606af4062b2216e8b'),(821,NULL,'2025-10-21 04:42:00',0,'2e6199ea8c15be7606af4062b2216e8b'),(822,74,'2025-10-21 04:42:01',0,'2e6199ea8c15be7606af4062b2216e8b'),(823,74,'2025-10-21 04:42:05',1,'2e6199ea8c15be7606af4062b2216e8b'),(824,NULL,'2025-10-21 04:42:08',0,'2e6199ea8c15be7606af4062b2216e8b'),(825,74,'2025-10-21 04:42:11',0,'2e6199ea8c15be7606af4062b2216e8b'),(826,74,'2025-10-21 04:42:15',1,'2e6199ea8c15be7606af4062b2216e8b'),(827,NULL,'2025-10-21 04:42:17',0,'2e6199ea8c15be7606af4062b2216e8b'),(828,74,'2025-10-21 04:42:18',1,'2e6199ea8c15be7606af4062b2216e8b'),(829,NULL,'2025-10-21 04:42:19',0,'2e6199ea8c15be7606af4062b2216e8b'),(830,NULL,'2025-10-21 04:42:19',0,'2e6199ea8c15be7606af4062b2216e8b'),(831,NULL,'2025-10-21 04:42:19',0,'2e6199ea8c15be7606af4062b2216e8b'),(832,74,'2025-10-21 04:42:21',0,'2e6199ea8c15be7606af4062b2216e8b'),(833,74,'2025-10-21 04:42:22',1,'2e6199ea8c15be7606af4062b2216e8b'),(834,74,'2025-10-21 04:42:22',0,'2e6199ea8c15be7606af4062b2216e8b'),(835,74,'2025-10-21 04:42:23',0,'2e6199ea8c15be7606af4062b2216e8b'),(836,74,'2025-10-21 04:42:23',0,'2e6199ea8c15be7606af4062b2216e8b'),(837,74,'2025-10-21 04:42:25',1,'2e6199ea8c15be7606af4062b2216e8b'),(838,74,'2025-10-21 04:42:34',1,'2e6199ea8c15be7606af4062b2216e8b'),(839,74,'2025-10-21 04:42:44',1,'2e6199ea8c15be7606af4062b2216e8b'),(840,74,'2025-10-21 04:42:52',1,'2e6199ea8c15be7606af4062b2216e8b'),(841,74,'2025-10-21 04:43:02',1,'2e6199ea8c15be7606af4062b2216e8b'),(842,74,'2025-10-21 04:43:09',1,'2e6199ea8c15be7606af4062b2216e8b'),(843,74,'2025-10-21 04:43:09',1,'2e6199ea8c15be7606af4062b2216e8b'),(844,74,'2025-10-21 04:43:10',1,'2e6199ea8c15be7606af4062b2216e8b'),(845,74,'2025-10-21 04:43:11',1,'2e6199ea8c15be7606af4062b2216e8b'),(846,74,'2025-10-21 04:43:11',1,'2e6199ea8c15be7606af4062b2216e8b'),(847,74,'2025-10-21 04:43:17',1,'2e6199ea8c15be7606af4062b2216e8b'),(848,74,'2025-10-21 04:43:23',1,'2e6199ea8c15be7606af4062b2216e8b'),(849,NULL,'2025-10-21 04:43:24',0,'2e6199ea8c15be7606af4062b2216e8b'),(850,NULL,'2025-10-21 04:43:25',0,'2e6199ea8c15be7606af4062b2216e8b'),(851,NULL,'2025-10-21 04:43:25',0,'2e6199ea8c15be7606af4062b2216e8b'),(852,NULL,'2025-10-21 04:43:25',0,'2e6199ea8c15be7606af4062b2216e8b'),(853,NULL,'2025-10-21 04:43:25',0,'2e6199ea8c15be7606af4062b2216e8b'),(854,NULL,'2025-10-21 04:43:31',0,'2e6199ea8c15be7606af4062b2216e8b'),(855,NULL,'2025-10-21 04:43:41',0,'2e6199ea8c15be7606af4062b2216e8b'),(856,NULL,'2025-10-21 04:43:45',0,'2e6199ea8c15be7606af4062b2216e8b'),(857,NULL,'2025-10-21 04:43:49',0,'2e6199ea8c15be7606af4062b2216e8b'),(858,NULL,'2025-10-21 04:43:52',0,'2e6199ea8c15be7606af4062b2216e8b'),(859,NULL,'2025-10-21 04:43:55',0,'2e6199ea8c15be7606af4062b2216e8b'),(860,NULL,'2025-10-21 04:44:01',0,'2e6199ea8c15be7606af4062b2216e8b'),(861,NULL,'2025-10-21 04:44:11',0,'2e6199ea8c15be7606af4062b2216e8b'),(862,NULL,'2025-10-21 04:44:17',0,'2e6199ea8c15be7606af4062b2216e8b'),(863,NULL,'2025-10-21 04:44:24',0,'2e6199ea8c15be7606af4062b2216e8b'),(864,74,'2025-10-21 04:44:25',1,'2e6199ea8c15be7606af4062b2216e8b'),(865,NULL,'2025-10-21 04:44:25',0,'2e6199ea8c15be7606af4062b2216e8b'),(866,NULL,'2025-10-21 04:44:25',0,'2e6199ea8c15be7606af4062b2216e8b'),(867,NULL,'2025-10-21 04:44:26',0,'2e6199ea8c15be7606af4062b2216e8b'),(868,74,'2025-10-21 04:46:30',1,'2e6199ea8c15be7606af4062b2216e8b'),(869,74,'2025-10-21 04:46:30',1,'2e6199ea8c15be7606af4062b2216e8b'),(870,74,'2025-10-21 04:46:34',1,'2e6199ea8c15be7606af4062b2216e8b'),(871,4,'2025-10-21 11:50:27',1,'dec6a88ba6e52cd6ca3fc6c586daa50d'),(872,NULL,'2025-10-21 18:21:37',0,'a7aab77a3c9417aa1bfd016444832283'),(873,NULL,'2025-10-21 18:22:31',0,'a7aab77a3c9417aa1bfd016444832283'),(874,NULL,'2025-10-21 18:23:45',0,'a7aab77a3c9417aa1bfd016444832283'),(875,NULL,'2025-10-21 18:23:48',0,'a7aab77a3c9417aa1bfd016444832283'),(876,NULL,'2025-10-21 18:23:51',0,'a7aab77a3c9417aa1bfd016444832283'),(877,4,'2025-10-23 20:39:47',1,'982bc07f7076a9747662ea2edfbd9bc2'),(878,77,'2025-10-24 11:41:30',1,'dec6a88ba6e52cd6ca3fc6c586daa50d'),(879,4,'2025-10-24 11:42:34',1,'dec6a88ba6e52cd6ca3fc6c586daa50d'),(880,77,'2025-10-24 11:44:37',1,'dec6a88ba6e52cd6ca3fc6c586daa50d'),(881,4,'2025-10-26 19:50:19',0,'982bc07f7076a9747662ea2edfbd9bc2'),(882,4,'2025-10-26 19:50:27',1,'982bc07f7076a9747662ea2edfbd9bc2'),(883,4,'2025-10-26 19:55:05',1,'982bc07f7076a9747662ea2edfbd9bc2'),(884,4,'2025-10-27 21:19:56',1,'982bc07f7076a9747662ea2edfbd9bc2'),(885,4,'2025-10-27 21:20:12',1,'982bc07f7076a9747662ea2edfbd9bc2'),(886,4,'2025-10-27 23:19:28',1,'7d4db822017189e857b3ecdeccab9479'),(887,82,'2025-10-28 14:15:41',1,'dec6a88ba6e52cd6ca3fc6c586daa50d'),(888,4,'2025-10-28 14:17:07',1,'dec6a88ba6e52cd6ca3fc6c586daa50d'),(889,4,'2025-10-28 14:18:35',0,'dec6a88ba6e52cd6ca3fc6c586daa50d'),(890,4,'2025-10-28 14:18:42',1,'dec6a88ba6e52cd6ca3fc6c586daa50d'),(891,4,'2025-10-28 14:37:44',1,'dec6a88ba6e52cd6ca3fc6c586daa50d'),(892,57,'2025-10-28 14:39:08',1,'dec6a88ba6e52cd6ca3fc6c586daa50d'),(893,4,'2025-10-28 14:42:22',1,'dec6a88ba6e52cd6ca3fc6c586daa50d'),(894,4,'2025-10-29 11:44:31',1,'dec6a88ba6e52cd6ca3fc6c586daa50d'),(895,57,'2025-10-29 12:00:46',0,'dec6a88ba6e52cd6ca3fc6c586daa50d'),(896,57,'2025-10-29 12:00:59',0,'dec6a88ba6e52cd6ca3fc6c586daa50d'),(897,57,'2025-10-29 12:03:16',1,'dec6a88ba6e52cd6ca3fc6c586daa50d'),(898,57,'2025-10-29 12:04:27',1,'dec6a88ba6e52cd6ca3fc6c586daa50d'),(899,4,'2025-10-29 13:18:16',1,'dec6a88ba6e52cd6ca3fc6c586daa50d'),(900,4,'2025-10-29 13:22:31',0,'dec6a88ba6e52cd6ca3fc6c586daa50d'),(901,4,'2025-10-29 13:22:39',1,'dec6a88ba6e52cd6ca3fc6c586daa50d'),(902,4,'2025-10-29 14:34:30',1,'dec6a88ba6e52cd6ca3fc6c586daa50d'),(903,83,'2025-10-29 19:48:21',1,'196e63b264848cdf8c300a7e257a0411'),(904,4,'2025-10-29 20:29:59',1,'7e34c08b8f16e5755410e645fb477732'),(905,57,'2025-10-29 20:34:20',0,'196e63b264848cdf8c300a7e257a0411'),(906,57,'2025-10-29 20:34:31',0,'196e63b264848cdf8c300a7e257a0411'),(907,57,'2025-10-29 20:36:41',1,'196e63b264848cdf8c300a7e257a0411'),(908,85,'2025-10-29 20:59:57',1,'7e34c08b8f16e5755410e645fb477732'),(909,84,'2025-10-29 21:01:09',1,'7e34c08b8f16e5755410e645fb477732'),(910,4,'2025-10-29 21:44:41',1,'196e63b264848cdf8c300a7e257a0411'),(911,84,'2025-10-29 21:51:58',0,'7e34c08b8f16e5755410e645fb477732'),(912,84,'2025-10-29 21:52:08',1,'7e34c08b8f16e5755410e645fb477732'),(913,4,'2025-10-29 22:51:03',1,'196e63b264848cdf8c300a7e257a0411'),(914,57,'2025-10-30 00:00:18',1,'196e63b264848cdf8c300a7e257a0411'),(915,NULL,'2025-10-30 00:43:09',0,'7e34c08b8f16e5755410e645fb477732'),(916,4,'2025-10-30 01:03:17',1,'7e34c08b8f16e5755410e645fb477732'),(917,87,'2025-10-30 11:44:40',1,'dec6a88ba6e52cd6ca3fc6c586daa50d'),(918,4,'2025-10-30 11:48:08',1,'dec6a88ba6e52cd6ca3fc6c586daa50d'),(919,4,'2025-10-30 11:53:36',1,'3fa7a025939332cfd63c446a9c65bac1'),(920,4,'2025-11-06 18:44:14',1,'10b5ce2f382ee50e222d4479c74a30a2'),(921,87,'2025-11-06 18:45:09',0,'10b5ce2f382ee50e222d4479c74a30a2'),(922,62,'2025-11-06 18:45:24',1,'10b5ce2f382ee50e222d4479c74a30a2'),(923,4,'2025-11-13 22:39:08',1,'8e37c9fa3a5dd75d28d69e8b27b8a1c0'),(924,4,'2025-11-25 15:50:34',1,'8cf1bec95cb78da755726a4b8bad4b05'),(925,4,'2025-12-02 22:02:04',1,'8e37c9fa3a5dd75d28d69e8b27b8a1c0'),(926,4,'2025-12-05 21:45:09',1,'8cf1bec95cb78da755726a4b8bad4b05');
/*!40000 ALTER TABLE `login_attemps` ENABLE KEYS */;
UNLOCK TABLES;

--
-- Table structure for table `ordenes`
--

DROP TABLE IF EXISTS `ordenes`;
/*!40101 SET @saved_cs_client     = @@character_set_client */;
/*!50503 SET character_set_client = utf8mb4 */;
CREATE TABLE `ordenes` (
  `ID_orden` int NOT NULL AUTO_INCREMENT,
  `nombre` varchar(100) CHARACTER SET utf8mb4 COLLATE utf8mb4_unicode_ci DEFAULT NULL,
  `apellido` varchar(100) CHARACTER SET utf8mb4 COLLATE utf8mb4_unicode_ci DEFAULT NULL,
  `linea1` varchar(199) CHARACTER SET utf8mb4 COLLATE utf8mb4_unicode_ci DEFAULT NULL,
  `linea2` varchar(100) CHARACTER SET utf8mb4 COLLATE utf8mb4_unicode_ci DEFAULT NULL,
  `ciudad` varchar(100) CHARACTER SET utf8mb4 COLLATE utf8mb4_unicode_ci DEFAULT NULL,
  `estado` varchar(100) CHARACTER SET utf8mb4 COLLATE utf8mb4_unicode_ci DEFAULT NULL,
  `codigo_postal` varchar(100) CHARACTER SET utf8mb4 COLLATE utf8mb4_unicode_ci DEFAULT NULL,
  `pais` varchar(199) CHARACTER SET utf8mb4 COLLATE utf8mb4_unicode_ci DEFAULT NULL,
  `email` varchar(100) CHARACTER SET utf8mb4 COLLATE utf8mb4_unicode_ci DEFAULT NULL,
  `cantidad` tinyint NOT NULL,
  `precio_unitario` float NOT NULL,
  `total` float NOT NULL,
  PRIMARY KEY (`ID_orden`)
) ENGINE=InnoDB AUTO_INCREMENT=35 DEFAULT CHARSET=utf8mb4 COLLATE=utf8mb4_unicode_ci;
/*!40101 SET character_set_client = @saved_cs_client */;

--
-- Dumping data for table `ordenes`
--

LOCK TABLES `ordenes` WRITE;
/*!40000 ALTER TABLE `ordenes` DISABLE KEYS */;
INSERT INTO `ordenes` VALUES (28,'John','Doe','Belgrano 1317','','Rio Tercero','CÓRDOBA','5850','AR','santisalgado33@gmail.com',1,59.99,59.99),(29,'John','Doe','Belgrano 1317','','Rio Tercero','CÓRDOBA','5850','AR','santisalgado33@gmail.com',4,59.99,239.96),(30,'John','Doe','Belgrano 1317','','Rio Tercero','CÓRDOBA','5850','AR','santisalgado33@gmail.com',1,59.99,59.99),(31,'John','Doe','Belgrano 1317','','Rio Tercero','CÓRDOBA','5850','AR','santisalgado33@gmail.com',10,59.99,599.9),(32,'John','Doe','Belgrano 1317','','Rio Tercero','CÓRDOBA','5850','AR','santisalgado33@gmail.com',1,59.99,59.99),(33,'John','Doe','Belgrano 1317','','Rio Tercero','CÓRDOBA','5850','AR','santisalgado33@gmail.com',1,59.99,59.99),(34,'John','Doe','Belgrano 1317','','Rio Tercero','CÓRDOBA','5850','AR','santisalgado33@gmail.com',10,59.99,599.9);
/*!40000 ALTER TABLE `ordenes` ENABLE KEYS */;
UNLOCK TABLES;

--
-- Table structure for table `permisos`
--

DROP TABLE IF EXISTS `permisos`;
/*!40101 SET @saved_cs_client     = @@character_set_client */;
/*!50503 SET character_set_client = utf8mb4 */;
CREATE TABLE `permisos` (
  `ID_permiso` int NOT NULL AUTO_INCREMENT,
  `nombre` varchar(30) NOT NULL,
  `descripcion` text NOT NULL,
  PRIMARY KEY (`ID_permiso`)
) ENGINE=InnoDB AUTO_INCREMENT=3 DEFAULT CHARSET=utf8mb3;
/*!40101 SET character_set_client = @saved_cs_client */;

--
-- Dumping data for table `permisos`
--

LOCK TABLES `permisos` WRITE;
/*!40000 ALTER TABLE `permisos` DISABLE KEYS */;
INSERT INTO `permisos` VALUES (1,'administrador','-'),(2,'usuario','-');
/*!40000 ALTER TABLE `permisos` ENABLE KEYS */;
UNLOCK TABLES;

--
-- Table structure for table `protocolos`
--

DROP TABLE IF EXISTS `protocolos`;
/*!40101 SET @saved_cs_client     = @@character_set_client */;
/*!50503 SET character_set_client = utf8mb4 */;
CREATE TABLE `protocolos` (
  `ID_protocolo` int NOT NULL AUTO_INCREMENT,
  `nombre` varchar(60) NOT NULL,
  PRIMARY KEY (`ID_protocolo`)
) ENGINE=InnoDB AUTO_INCREMENT=127 DEFAULT CHARSET=utf8mb3;
/*!40101 SET character_set_client = @saved_cs_client */;

--
-- Dumping data for table `protocolos`
--

LOCK TABLES `protocolos` WRITE;
/*!40000 ALTER TABLE `protocolos` DISABLE KEYS */;
INSERT INTO `protocolos` VALUES (1,'GLOBALCACHE'),(2,'PRONTO'),(3,'RAW'),(4,'SHERWOOD'),(5,'SONY_38K'),(6,'AIRTON'),(7,'AIRWELL'),(8,'AIWA_RC_T501'),(9,'AMCOR'),(10,'ARGO'),(11,'ARRIS'),(12,'BOSCH144'),(13,'BOSE'),(14,'CARRIER_AC'),(15,'CARRIER_AC128'),(16,'CARRIER_AC40'),(17,'CARRIER_AC64'),(18,'CARRIER_AC84'),(19,'CLIMABUTLER'),(20,'COOLIX'),(21,'COOLIX48'),(22,'CORONA_AC'),(23,'DAIKIN'),(24,'DAIKIN128'),(25,'DAIKIN152'),(26,'DAIKIN160'),(27,'DAIKIN176'),(28,'DAIKIN2'),(29,'DAIKIN200'),(30,'DAIKIN216'),(31,'DAIKIN312'),(32,'DAIKIN64'),(33,'DELONGHI_AC'),(34,'DENON'),(35,'DISH'),(36,'DOSHISHA'),(37,'ECOCLIM'),(38,'ELECTRA_AC'),(39,'ELITESCREENS'),(40,'EPSON'),(41,'FUJITSU_AC'),(42,'GICABLE'),(43,'GOODWEATHER'),(44,'GORENJE'),(45,'GREE'),(46,'HAIER_AC'),(47,'HAIER_AC160'),(48,'HAIER_AC176'),(49,'HAIER_AC_YRW02'),(50,'HITACHI_AC'),(51,'HITACHI_AC1'),(52,'HITACHI_AC2'),(53,'HITACHI_AC264'),(54,'HITACHI_AC296'),(55,'HITACHI_AC3'),(56,'HITACHI_AC344'),(57,'HITACHI_AC424'),(58,'INAX'),(59,'JVC'),(60,'KELON'),(61,'KELON168'),(62,'KELVINATOR'),(63,'LASERTAG'),(64,'LEGOPF'),(65,'LG'),(66,'LG2'),(67,'LUTRON'),(68,'MAGIQUEST'),(69,'METZ'),(70,'MIDEA'),(71,'MIDEA24'),(72,'MILESTAG2'),(73,'MIRAGE'),(74,'MITSUBISHI'),(75,'MITSUBISHI112'),(76,'MITSUBISHI136'),(77,'MITSUBISHI2'),(78,'MITSUBISHI_AC'),(79,'MITSUBISHI_HEAVY_152'),(80,'MITSUBISHI_HEAVY_88'),(81,'MULTIBRACKETS'),(82,'MWM'),(83,'NEC'),(84,'NEC_LIKE'),(85,'NEOCLIMA'),(86,'NIKAI'),(87,'PANASONIC'),(88,'PANASONIC_AC'),(89,'PANASONIC_AC32'),(90,'PIONEER'),(91,'RC5'),(92,'RC5X'),(93,'RC6'),(94,'RCMM'),(95,'RHOSS'),(96,'SAMSUNG'),(97,'SAMSUNG36'),(98,'SAMSUNG_AC'),(99,'SANYO'),(100,'SANYO_AC'),(101,'SANYO_AC152'),(102,'SANYO_AC88'),(103,'SANYO_LC7461'),(104,'SHARP'),(105,'SHARP_AC'),(106,'SONY'),(107,'SYMPHONY'),(108,'TCL112AC'),(109,'TCL96AC'),(110,'TECHNIBEL_AC'),(111,'TECO'),(112,'TEKNOPOINT'),(113,'TOSHIBA_AC'),(114,'TOTO'),(115,'TRANSCOLD'),(116,'TROTEC'),(117,'TROTEC_3550'),(118,'TRUMA'),(119,'VESTEL_AC'),(120,'VOLTAS'),(121,'WHIRLPOOL_AC'),(122,'WHYNTER'),(123,'WOWWEE'),(124,'XMP'),(125,'YORK'),(126,'ZEPEAL');
/*!40000 ALTER TABLE `protocolos` ENABLE KEYS */;
UNLOCK TABLES;

--
-- Table structure for table `registros_disp`
--

DROP TABLE IF EXISTS `registros_disp`;
/*!40101 SET @saved_cs_client     = @@character_set_client */;
/*!50503 SET character_set_client = utf8mb4 */;
CREATE TABLE `registros_disp` (
  `id_registro` int NOT NULL AUTO_INCREMENT,
  `id_usuario` int NOT NULL,
  `id_funcion` int DEFAULT NULL,
  `id_configuracion` int DEFAULT NULL,
  `fecha` timestamp NOT NULL DEFAULT CURRENT_TIMESTAMP,
  `id_dispositivo` int NOT NULL,
  PRIMARY KEY (`id_registro`)
) ENGINE=InnoDB AUTO_INCREMENT=756 DEFAULT CHARSET=utf8mb4 COLLATE=utf8mb4_0900_ai_ci;
/*!40101 SET character_set_client = @saved_cs_client */;

--
-- Dumping data for table `registros_disp`
--

LOCK TABLES `registros_disp` WRITE;
/*!40000 ALTER TABLE `registros_disp` DISABLE KEYS */;
/*!40000 ALTER TABLE `registros_disp` ENABLE KEYS */;
UNLOCK TABLES;

--
-- Table structure for table `senalesir`
--

DROP TABLE IF EXISTS `senalesir`;
/*!40101 SET @saved_cs_client     = @@character_set_client */;
/*!50503 SET character_set_client = utf8mb4 */;
CREATE TABLE `senalesir` (
  `ID_senal` int NOT NULL AUTO_INCREMENT,
  `codigo` text,
  `ID_protocolo` int DEFAULT NULL,
  `bits` int DEFAULT NULL,
  `ID_dispositivo` int NOT NULL,
  `ID_funcion` int DEFAULT NULL,
  `ID_configuracion` int DEFAULT NULL,
  PRIMARY KEY (`ID_senal`)
) ENGINE=InnoDB AUTO_INCREMENT=93 DEFAULT CHARSET=utf8mb3;
/*!40101 SET character_set_client = @saved_cs_client */;

--
-- Dumping data for table `senalesir`
--

LOCK TABLES `senalesir` WRITE;
/*!40000 ALTER TABLE `senalesir` DISABLE KEYS */;
INSERT INTO `senalesir` VALUES (1,'0xABCD',6,24,54,NULL,1),(14,'0xD5F2A',86,24,53,1,NULL),(30,'0xFFC23D',83,32,53,9,NULL),(42,'0xFFB04F',83,32,53,19,NULL),(52,'0xFFA25D',83,32,89,1,NULL),(53,'0xFF906F',83,32,89,29,NULL),(54,'0xFFE21D',83,32,89,30,NULL),(55,'0xFFE01F',83,32,89,33,NULL),(56,'0x1000C',93,20,90,1,NULL),(57,'0x10',93,20,90,10,NULL),(58,'0x10011',93,20,90,11,NULL),(59,'0x54',93,20,90,9,NULL),(60,'0x10059',93,20,90,15,NULL),(61,'0x1005B',93,20,90,14,NULL),(62,'0x5A',93,NULL,90,13,NULL),(63,'0xA',93,20,90,6,NULL),(64,'0x58',93,20,90,12,NULL),(66,'0xD5F2A',86,24,94,1,NULL),(68,'0xB29F40',20,24,95,NULL,28),(69,'0xB27BE0',20,24,95,NULL,0),(70,'0xD0F2F',86,24,94,10,NULL),(71,'0xD1F2E',86,24,94,11,NULL),(72,'0x30FCF',86,24,94,3,NULL),(73,'0xF7F08',86,24,94,9,NULL),(74,'0xA6F59',86,24,94,12,NULL),(75,'0xA9F56',86,24,94,13,NULL),(76,'0xA7F58',86,24,94,15,NULL),(77,'0xA8F57',86,24,94,14,NULL),(79,'0xBFF4',86,24,94,16,NULL),(80,'0xFFA25D',83,32,124,1,NULL),(92,'0xD5F2A',86,24,131,1,NULL);
/*!40000 ALTER TABLE `senalesir` ENABLE KEYS */;
UNLOCK TABLES;

--
-- Table structure for table `tipo_dispositivos`
--

DROP TABLE IF EXISTS `tipo_dispositivos`;
/*!40101 SET @saved_cs_client     = @@character_set_client */;
/*!50503 SET character_set_client = utf8mb4 */;
CREATE TABLE `tipo_dispositivos` (
  `ID_tipo` int NOT NULL AUTO_INCREMENT,
  `nombre` varchar(100) NOT NULL,
  PRIMARY KEY (`ID_tipo`)
) ENGINE=InnoDB AUTO_INCREMENT=4 DEFAULT CHARSET=utf8mb3;
/*!40101 SET character_set_client = @saved_cs_client */;

--
-- Dumping data for table `tipo_dispositivos`
--

LOCK TABLES `tipo_dispositivos` WRITE;
/*!40000 ALTER TABLE `tipo_dispositivos` DISABLE KEYS */;
INSERT INTO `tipo_dispositivos` VALUES (1,'Aire acondicionado'),(2,'Televisor'),(3,'Ventilador');
/*!40000 ALTER TABLE `tipo_dispositivos` ENABLE KEYS */;
UNLOCK TABLES;

--
-- Table structure for table `usuarios`
--

DROP TABLE IF EXISTS `usuarios`;
/*!40101 SET @saved_cs_client     = @@character_set_client */;
/*!50503 SET character_set_client = utf8mb4 */;
CREATE TABLE `usuarios` (
  `ID_usuario` int NOT NULL AUTO_INCREMENT,
  `nombre_usuario` varchar(40) NOT NULL,
  `email` varchar(100) NOT NULL,
  `hash_contrasena` varchar(128) DEFAULT NULL,
  `salt` varchar(100) DEFAULT NULL,
  `fecha_creacion` timestamp NOT NULL DEFAULT CURRENT_TIMESTAMP,
  `ID_permiso` int NOT NULL,
  `ID_administrador` int DEFAULT NULL,
  `verificado` tinyint(1) DEFAULT '0',
  PRIMARY KEY (`ID_usuario`)
) ENGINE=InnoDB AUTO_INCREMENT=88 DEFAULT CHARSET=utf8mb3;
/*!40101 SET character_set_client = @saved_cs_client */;

--
-- Dumping data for table `usuarios`
--

LOCK TABLES `usuarios` WRITE;
/*!40000 ALTER TABLE `usuarios` DISABLE KEYS */;
INSERT INTO `usuarios` VALUES (4,'admin2','admin@gmail.com','$2y$10$fgl/8p20l4UvficH.axgnOp7zwyn31xMQVCEkcSOVW4FLiCVgjzha',NULL,'2024-10-08 13:48:03',1,NULL,1),(50,'cacique','ariasfedericoadrian@gmail.com','$2y$10$wWjH0oJd8vghjISRm1saT.E4KpJOw135GufYEGxYrwW8cNtK9q8XC',NULL,'2025-06-26 11:33:52',1,NULL,1),(51,'tarducci','tpbgeorge2025@gmail.com','$2y$10$R5ftB8.8fV535ZF.KXM7HeLqSejpYZiw3pFGsAJPlZ3hgx2aTKZF.',NULL,'2025-06-26 11:36:22',2,50,1),(52,'admin89','santiagosalgado2007@gmail.com1','$2y$10$hmlUcVU/TErn/AekOmmwGOG5sgg1qfyjMCPhXET5k7yOn2jq8yS8O',NULL,'2025-06-26 17:27:10',2,4,1),(53,'ricardo','tomastarducci@alumnos.itr3.edu.ar','$2y$10$fugfEt8qO7y8QVCxNMQb/ucArOSCCs5wfNm3A147QrhBzsZY1xtZu',NULL,'2025-08-29 14:04:11',1,NULL,1),(57,'asdasd','santisalgado33@gmail.com','$2y$10$KOUoLnrVQ5aYw0VCuJUB4u1Q86Rxm2c.g/UN.ASXceLFQNXo0LNtO',NULL,'2025-08-30 14:58:06',2,4,1),(61,'catrielgaray27','catrielgaray27@gmail.com','$2y$10$LR1gt.BH.C9nt0TXH20Z2evBa9RIAsTtdTTGTYb6AADgq.6N9j8eO',NULL,'2025-09-18 11:48:29',2,4,1),(62,'cristian','santiagosalgado1@alumnos.itr3.edu.ar','$2y$10$DzbSJkNDcaH0RPC/.ji0EO7hR8EeQEmvEnAkZQhkkVP5.Ja1YMfe2',NULL,'2025-10-03 13:00:54',2,4,1),(86,'melisa','santiagosalgado@alumnos.itr3.edu.ar','$2y$10$X4KVOfcfaRjv4NcK9kidTetkb9k6StzAFvQTvEWgmnt/tsA/D.0fy',NULL,'2025-10-30 11:29:11',1,NULL,1),(87,'cristian2','catrielgaray@alumnos.itr3.edu.ar','$2y$10$J0IU6gwaD5kOCX3Hqxj3bue7BOwC6CoXv0BwjE9Mdq.wsPPFN3dMe',NULL,'2025-10-30 11:42:32',2,86,1);
/*!40000 ALTER TABLE `usuarios` ENABLE KEYS */;
UNLOCK TABLES;

--
-- Dumping events for database 'tesis_g_s2'
--
/*!50106 SET @save_time_zone= @@TIME_ZONE */ ;
/*!50106 DROP EVENT IF EXISTS `actualizar_estado_disp` */;
DELIMITER ;;
/*!50003 SET @saved_cs_client      = @@character_set_client */ ;;
/*!50003 SET @saved_cs_results     = @@character_set_results */ ;;
/*!50003 SET @saved_col_connection = @@collation_connection */ ;;
/*!50003 SET character_set_client  = utf8mb4 */ ;;
/*!50003 SET character_set_results = utf8mb4 */ ;;
/*!50003 SET collation_connection  = utf8mb4_0900_ai_ci */ ;;
/*!50003 SET @saved_sql_mode       = @@sql_mode */ ;;
/*!50003 SET sql_mode              = 'ONLY_FULL_GROUP_BY,STRICT_TRANS_TABLES,NO_ZERO_IN_DATE,NO_ZERO_DATE,ERROR_FOR_DIVISION_BY_ZERO,NO_ENGINE_SUBSTITUTION' */ ;;
/*!50003 SET @saved_time_zone      = @@time_zone */ ;;
/*!50003 SET time_zone             = 'SYSTEM' */ ;;
/*!50106 CREATE*/ /*!50117 DEFINER=`root`@`localhost`*/ /*!50106 EVENT `actualizar_estado_disp` ON SCHEDULE EVERY 1 MINUTE STARTS '2025-03-13 08:25:29' ON COMPLETION NOT PRESERVE ENABLE DO UPDATE disp_esp32
  SET estado = 0
  WHERE ultima_conexion < NOW() - INTERVAL 1 MINUTE
    AND direccion_ip IS NOT NULL */ ;;
/*!50003 SET time_zone             = @saved_time_zone */ ;;
/*!50003 SET sql_mode              = @saved_sql_mode */ ;;
/*!50003 SET character_set_client  = @saved_cs_client */ ;;
/*!50003 SET character_set_results = @saved_cs_results */ ;;
/*!50003 SET collation_connection  = @saved_col_connection */ ;;
/*!50106 DROP EVENT IF EXISTS `borrar_codigos_expirados` */;;
DELIMITER ;;
/*!50003 SET @saved_cs_client      = @@character_set_client */ ;;
/*!50003 SET @saved_cs_results     = @@character_set_results */ ;;
/*!50003 SET @saved_col_connection = @@collation_connection */ ;;
/*!50003 SET character_set_client  = utf8mb4 */ ;;
/*!50003 SET character_set_results = utf8mb4 */ ;;
/*!50003 SET collation_connection  = utf8mb4_0900_ai_ci */ ;;
/*!50003 SET @saved_sql_mode       = @@sql_mode */ ;;
/*!50003 SET sql_mode              = 'NO_AUTO_VALUE_ON_ZERO' */ ;;
/*!50003 SET @saved_time_zone      = @@time_zone */ ;;
/*!50003 SET time_zone             = '+00:00' */ ;;
/*!50106 CREATE*/ /*!50117 DEFINER=`root`@`localhost`*/ /*!50106 EVENT `borrar_codigos_expirados` ON SCHEDULE EVERY 1 HOUR STARTS '2024-08-30 13:42:37' ON COMPLETION NOT PRESERVE ENABLE DO DELETE FROM codigos_verificacion WHERE fecha_expiracion < CURRENT_TIMESTAMP() */ ;;
/*!50003 SET time_zone             = @saved_time_zone */ ;;
/*!50003 SET sql_mode              = @saved_sql_mode */ ;;
/*!50003 SET character_set_client  = @saved_cs_client */ ;;
/*!50003 SET character_set_results = @saved_cs_results */ ;;
/*!50003 SET collation_connection  = @saved_col_connection */ ;;
/*!50106 DROP EVENT IF EXISTS `limpiar_ips_bloqueadas` */;;
DELIMITER ;;
/*!50003 SET @saved_cs_client      = @@character_set_client */ ;;
/*!50003 SET @saved_cs_results     = @@character_set_results */ ;;
/*!50003 SET @saved_col_connection = @@collation_connection */ ;;
/*!50003 SET character_set_client  = utf8mb4 */ ;;
/*!50003 SET character_set_results = utf8mb4 */ ;;
/*!50003 SET collation_connection  = utf8mb4_0900_ai_ci */ ;;
/*!50003 SET @saved_sql_mode       = @@sql_mode */ ;;
/*!50003 SET sql_mode              = 'ONLY_FULL_GROUP_BY,STRICT_TRANS_TABLES,NO_ZERO_IN_DATE,NO_ZERO_DATE,ERROR_FOR_DIVISION_BY_ZERO,NO_ENGINE_SUBSTITUTION' */ ;;
/*!50003 SET @saved_time_zone      = @@time_zone */ ;;
/*!50003 SET time_zone             = 'SYSTEM' */ ;;
/*!50106 CREATE*/ /*!50117 DEFINER=`santiago1`@`%`*/ /*!50106 EVENT `limpiar_ips_bloqueadas` ON SCHEDULE EVERY 1 MINUTE STARTS '2025-07-30 18:38:10' ON COMPLETION NOT PRESERVE ENABLE DO DELETE FROM disp_bloqueados WHERE bloqueado_hasta < NOW() */ ;;
/*!50003 SET time_zone             = @saved_time_zone */ ;;
/*!50003 SET sql_mode              = @saved_sql_mode */ ;;
/*!50003 SET character_set_client  = @saved_cs_client */ ;;
/*!50003 SET character_set_results = @saved_cs_results */ ;;
/*!50003 SET collation_connection  = @saved_col_connection */ ;;
/*!50106 DROP EVENT IF EXISTS `limpiar_registros_antiguos` */;;
DELIMITER ;;
/*!50003 SET @saved_cs_client      = @@character_set_client */ ;;
/*!50003 SET @saved_cs_results     = @@character_set_results */ ;;
/*!50003 SET @saved_col_connection = @@collation_connection */ ;;
/*!50003 SET character_set_client  = utf8mb4 */ ;;
/*!50003 SET character_set_results = utf8mb4 */ ;;
/*!50003 SET collation_connection  = utf8mb4_0900_ai_ci */ ;;
/*!50003 SET @saved_sql_mode       = @@sql_mode */ ;;
/*!50003 SET sql_mode              = 'ONLY_FULL_GROUP_BY,STRICT_TRANS_TABLES,NO_ZERO_IN_DATE,NO_ZERO_DATE,ERROR_FOR_DIVISION_BY_ZERO,NO_ENGINE_SUBSTITUTION' */ ;;
/*!50003 SET @saved_time_zone      = @@time_zone */ ;;
/*!50003 SET time_zone             = 'SYSTEM' */ ;;
/*!50106 CREATE*/ /*!50117 DEFINER=`root`@`localhost`*/ /*!50106 EVENT `limpiar_registros_antiguos` ON SCHEDULE EVERY 1 DAY STARTS '2025-08-22 11:48:00' ON COMPLETION NOT PRESERVE ENABLE DO BEGIN
  DELETE FROM registros_disp 
  WHERE fecha < DATE_SUB(NOW(), INTERVAL 30 DAY);
END */ ;;
/*!50003 SET time_zone             = @saved_time_zone */ ;;
/*!50003 SET sql_mode              = @saved_sql_mode */ ;;
/*!50003 SET character_set_client  = @saved_cs_client */ ;;
/*!50003 SET character_set_results = @saved_cs_results */ ;;
/*!50003 SET collation_connection  = @saved_col_connection */ ;;
DELIMITER ;
/*!50106 SET TIME_ZONE= @save_time_zone */ ;

--
-- Dumping routines for database 'tesis_g_s2'
--
/*!40103 SET TIME_ZONE=@OLD_TIME_ZONE */;

/*!40101 SET SQL_MODE=@OLD_SQL_MODE */;
/*!40014 SET FOREIGN_KEY_CHECKS=@OLD_FOREIGN_KEY_CHECKS */;
/*!40014 SET UNIQUE_CHECKS=@OLD_UNIQUE_CHECKS */;
/*!40101 SET CHARACTER_SET_CLIENT=@OLD_CHARACTER_SET_CLIENT */;
/*!40101 SET CHARACTER_SET_RESULTS=@OLD_CHARACTER_SET_RESULTS */;
/*!40101 SET COLLATION_CONNECTION=@OLD_COLLATION_CONNECTION */;
/*!40111 SET SQL_NOTES=@OLD_SQL_NOTES */;

-- Dump completed on 2025-12-06 17:39:57
